,facts
0,['p']
1,"['p', 'p']"
2,['p']
3,['p']
4,"['p', 'p']"
5,['p']
6,['p']
7,['p']
8,['p']
9,['p']
10,['p']
11,['p']
12,['p']
13,['p']
14,['p']
15,['p']
16,['p']
17,"['p', 'p', 'p', 'p']"
18,['p']
19,"['p', 'em']"
20,['p']
21,['p']
22,"['p', 'p', 'p']"
23,['p']
24,['p']
25,['p']
26,['p']
27,['p']
28,['p']
29,['p']
30,['p']
31,"['p', 'a', 'em', 'em', 'p', 'em', 'em']"
32,"['p', 'p', 'p', 'p', 'em', 'em']"
33,"['p', 'p']"
34,['p']
35,['p']
36,['p']
37,['p']
38,['p']
39,['p']
40,['p']
41,['p']
42,['p']
43,"['p', 'p']"
44,['p']
45,"['p', 'p']"
46,"['p', 'p', 'p']"
47,['p']
48,"['p', 'p']"
49,"['p', 'p']"
50,['p']
51,['p']
52,"['p', 'p']"
53,"['p', 'p', 'p']"
54,"['p', 'p']"
55,['p']
56,['p']
57,"['p', 'p', 'p']"
58,['p']
59,['p']
60,['p']
61,['p']
62,['p']
63,"['p', 'p']"
64,['p']
65,['p']
66,"['p', 'p']"
67,"['p', 'p']"
68,"['p', 'p', 'p', 'em']"
69,"['p', 'p']"
70,['p']
71,['p']
72,['p']
73,['p']
74,['p']
75,['p']
76,"['p', 'p', 'p']"
77,"['p', 'p', 'p']"
78,"['p', 'p', 'em', 'em']"
79,['p']
80,['p']
81,['p']
82,['p']
83,['p']
84,"['p', 'em']"
85,"['p', 'p']"
86,['p']
87,['p']
88,"['p', 'p']"
89,['p']
90,['p']
91,['p']
92,"['p', 'p']"
93,"['p', 'p']"
94,['p']
95,"['p', 'p', 'p']"
96,"['p', 'p', 'p']"
97,['p']
98,"['p', 'p', 'p']"
99,['p']
100,"['p', 'p', 'p']"
101,['p']
102,['p']
103,['p']
104,['p']
105,"['p', 'p']"
106,"['p', 'p']"
107,['p']
108,"['p', 'p']"
109,['p']
110,"['p', 'p']"
111,['p']
112,['p']
113,['p']
114,['p']
115,"['p', 'p']"
116,"['p', 'p', 'em']"
117,"['p', 'p']"
118,"['p', 'em', 'em']"
119,"['p', 'p']"
120,"['p', 'p', 'p']"
121,"['p', 'p', 'em']"
122,"['p', 'p', 'em', 'p']"
123,['p']
124,"['p', 'p']"
125,"['p', 'em', 'em']"
126,"['p', 'p']"
127,"['p', 'em', 'em', 'em', 'em', 'em', 'em']"
128,['p']
129,"['p', 'p']"
130,['p']
131,"['p', 'p', 'p', 'p']"
132,"['p', 'p']"
133,"['p', 'p']"
134,"['p', 'p']"
135,['p']
136,['p']
137,['p']
138,"['p', 'p']"
139,['p']
140,"['p', 'em', 'em', 'em', 'em', 'p', 'em', 'em', 'em', 'em', 'em', 'em']"
141,['p']
142,"['p', 'p', 'p']"
143,['p']
144,"['p', 'p', 'p']"
145,['p']
146,"['p', 'em', 'em', 'p', 'em', 'em', 'em', 'em', 'em', 'em', 'em']"
147,['p']
148,['p']
149,['p']
150,['p']
151,['p']
152,['p']
153,"['p', 'em', 'em', 'em', 'em', 'em']"
154,"['p', 'p', 'i']"
155,['p']
156,"['p', 'em', 'em']"
157,"['p', 'p']"
158,['p']
159,['p']
160,['p']
161,"['p', 'p']"
162,"['p', 'p']"
163,"['p', 'i', 'i']"
164,['p']
165,"['p', 'p']"
166,"['p', 'em']"
167,['p']
168,['p']
169,['p']
170,['p']
171,['p']
172,['p']
173,['p']
174,['p']
175,['p']
176,"['p', 'p', 'p', 'p', 'p']"
177,['p']
178,"['p', 'p']"
179,"['p', 'p', 'p', 'p']"
180,"['p', 'p', 'p']"
181,['p']
182,['p']
183,['p']
184,"['p', 'p']"
185,"['p', 'p', 'p', 'em']"
186,['p']
187,"['p', 'p']"
188,['p']
189,"['p', 'p']"
190,['p']
191,['p']
192,"['p', 'p', 'p']"
193,['p']
194,['p']
195,['p']
196,"['p', 'p', 'p']"
197,"['p', 'em']"
198,['p']
199,['p']
200,"['p', 'em']"
201,"['p', 'p', 'em']"
202,"['p', 'em', 'p', 'em']"
203,"['p', 'p']"
204,['p']
205,"['p', 'em']"
206,"['p', 'p']"
207,"['p', 'p', 'p']"
208,"['p', 'p']"
209,['p']
210,"['p', 'p', 'p']"
211,['p']
212,"['p', 'p']"
213,['p']
214,['p']
215,"['p', 'p']"
216,"['p', 'p', 'p']"
217,"['p', 'p', 'p']"
218,"['p', 'p']"
219,['p']
220,"['p', 'p']"
221,['p']
222,"['p', 'p', 'em', 'em']"
223,['p']
224,['p']
225,"['p', 'p']"
226,['p']
227,"['p', 'p']"
228,"['p', 'p', 'em', 'em', 'em']"
229,['p']
230,['p']
231,"['p', 'p']"
232,['p']
233,"['p', 'p', 'p']"
234,['p']
235,['p']
236,"['p', 'em', 'em']"
237,"['p', 'p', 'i', 'p', 'i']"
238,['p']
239,"['p', 'p']"
240,['p']
241,['p']
242,['p']
243,"['p', 'em', 'em', 'p', 'p']"
244,['p']
245,"['p', 'br']"
246,['p']
247,['p']
248,"['p', 'p']"
249,"['p', 'p']"
250,['p']
251,"['p', 'p']"
252,"['p', 'p']"
253,['p']
254,['p']
255,['p']
256,['p']
257,['p']
258,['p']
259,"['p', 'em']"
260,"['p', 'p', 'p']"
261,['p']
262,['p']
263,['p']
264,['p']
265,['p']
266,['p']
267,['p']
268,['p']
269,"['p', 'p', 'a', 'em']"
270,['p']
271,['p']
272,['p']
273,['p']
274,['p']
275,"['p', 'p', 'p', 'p']"
276,['p']
277,"['p', 'p']"
278,['p']
279,['p']
280,"['p', 'p']"
281,['p']
282,['p']
283,"['p', 'p', 'p', 'p', 'em', 'a', 'em', 'a', 'em']"
284,['p']
285,"['p', 'p']"
286,"['p', 'p']"
287,['p']
288,['p']
289,['p']
290,"['p', 'p']"
291,"['p', 'p', 'em']"
292,['p']
293,['p']
294,"['p', 'p', 'p']"
295,"['p', 'p']"
296,"['p', 'p']"
297,"['p', 'p']"
298,['p']
299,"['p', 'p', 'p']"
300,['p']
301,['p']
302,['p']
303,['p']
304,['p']
305,"['p', 'p']"
306,"['p', 'p']"
307,['p']
308,"['p', 'p', 'p', 'i']"
309,"['p', 'br']"
310,"['p', 'p']"
311,['p']
312,['p']
313,"['p', 'p']"
314,['p']
315,['p']
316,['p']
317,"['p', 'p']"
318,['p']
319,['p']
320,"['p', 'em', 'em']"
321,"['p', 'em', 'em', 'p', 'em', 'em', 'em', 'em', 'em', 'em']"
322,"['p', 'p', 'p']"
323,['p']
324,['p']
325,['p']
326,['p']
327,['p']
328,"['p', 'p']"
329,['p']
330,['p']
331,['p']
332,"['p', 'i', 'p']"
333,['p']
334,"['p', 'p']"
335,['p']
336,"['p', 'p']"
337,['p']
338,"['p', 'p']"
339,"['p', 'p', 'p']"
340,['p']
341,['p']
342,['p']
343,['p']
344,['p']
345,['p']
346,['p']
347,['p']
348,"['p', 'p', 'p']"
349,['p']
350,"['p', 'em', 'em', 'p']"
351,['p']
352,"['p', 'p']"
353,['p']
354,['p']
355,"['p', 'p']"
356,['p']
357,"['p', 'p', 'p']"
358,['p']
359,['p']
360,"['p', 'p']"
361,['p']
362,['p']
363,['p']
364,"['p', 'p']"
365,['p']
366,['p']
367,['p']
368,['p']
369,['p']
370,"['p', 'p', 'p']"
371,"['p', 'p', 'p']"
372,"['p', 'p', 'p', 'p']"
373,"['p', 'p', 'p']"
374,"['p', 'p']"
375,['p']
376,['p']
377,['p']
378,['p']
379,"['p', 'p']"
380,['p']
381,"['p', 'p', 'p']"
382,['p']
383,"['p', 'p']"
384,['p']
385,"['p', 'p']"
386,['p']
387,"['p', 'p']"
388,['p']
389,['p']
390,"['p', 'p', 'p', 'i', 'i']"
391,"['p', 'p', 'p']"
392,"['p', 'p']"
393,['p']
394,"['p', 'em']"
395,['p']
396,"['p', 'p']"
397,['p']
398,['p']
399,['p']
400,['p']
401,['p']
402,"['p', 'p']"
403,"['p', 'a']"
404,['p']
405,['p']
406,"['p', 'p', 'p']"
407,['p']
408,['p']
409,['p']
410,"['p', 'em']"
411,"['p', 'p']"
412,['p']
413,"['p', 'p', 'p']"
414,['p']
415,"['p', 'p', 'p', 'a', 'em', 'a', 'em']"
416,['p']
417,['p']
418,['p']
419,['p']
420,['p']
421,['p']
422,"['p', 'p', 'p']"
423,['p']
424,"['p', 'p', 'p', 'p', 'p', 'p', 'em']"
425,['p']
426,"['p', 'p']"
427,['p']
428,['p']
429,"['p', 'p']"
430,['p']
431,['p']
432,"['p', 'p', 'p', 'p', 'p', 'a', 'em']"
433,"['p', 'em', 'p', 'em']"
434,"['p', 'p']"
435,['p']
436,"['p', 'p', 'p']"
437,['p']
438,['p']
439,['p']
440,['p']
441,"['p', 'p', 'p']"
442,"['p', 'p', 'p', 'p', 'em', 'p', 'em']"
443,['p']
444,"['p', 'p', 'p', 'p']"
445,"['p', 'p']"
446,['p']
447,['p']
448,"['p', 'p']"
449,['p']
450,['p']
451,"['p', 'em']"
452,"['p', 'p']"
453,"['p', 'p']"
454,['p']
455,"['p', 'p']"
456,"['p', 'p']"
457,['p']
458,['p']
459,['p']
460,['p']
461,"['p', 'p', 'em', 'a', 'em', 'em', 'a', 'em']"
462,"['p', 'p']"
463,"['p', 'p']"
464,['p']
465,['p']
466,"['p', 'p']"
467,['p']
468,"['p', 'p']"
469,['p']
470,"['p', 'em', 'p']"
471,['p']
472,"['p', 'a', 'em']"
473,['p']
474,['p']
475,['p']
476,"['p', 'p', 'em']"
477,['p']
478,['p']
479,['p']
480,['p']
481,"['p', 'p', 'p', 'a', 'em', 'p']"
482,['p']
483,['p']
484,"['p', 'p', 'p', 'p']"
485,['p']
486,['p']
487,['p']
488,['p']
489,"['p', 'p']"
490,['p']
491,"['p', 'p']"
492,"['p', 'p', 'p']"
493,['p']
494,['p']
495,['p']
496,"['p', 'p']"
497,['p']
498,['p']
499,"['p', 'p', 'p']"
500,['p']
501,['p']
502,"['p', 'p']"
503,"['p', 'em']"
504,['p']
505,['p']
506,['p']
507,['p']
508,['p']
509,['p']
510,"['p', 'p', 'em', 'em', 'em']"
511,"['p', 'p', 'p']"
512,"['p', 'p', 'p']"
513,['p']
514,['p']
515,['p']
516,['p']
517,"['p', 'p', 'p', 'p']"
518,"['p', 'p', 'p']"
519,['p']
520,"['p', 'p']"
521,"['p', 'p', 'p']"
522,['p']
523,['p']
524,"['p', 'p', 'p']"
525,['p']
526,['p']
527,"['p', 'p']"
528,"['p', 'p']"
529,['p']
530,"['p', 'p']"
531,['p']
532,['p']
533,"['p', 'em', 'em']"
534,['p']
535,['p']
536,['p']
537,"['p', 'p']"
538,['p']
539,['p']
540,"['p', 'em', 'em', 'p']"
541,"['p', 'p']"
542,"['p', 'p']"
543,['p']
544,"['p', 'p', 'em', 'p', 'em', 'p', 'em', 'p']"
545,"['p', 'p']"
546,['p']
547,['p']
548,['p']
549,['p']
550,['p']
551,['p']
552,['p']
553,"['p', 'p']"
554,"['p', 'p', 'p']"
555,['p']
556,['p']
557,['p']
558,['p']
559,['p']
560,"['p', 'p']"
561,['p']
562,['p']
563,"['p', 'p']"
564,"['p', 'p']"
565,"['p', 'p', 'p', 'i']"
566,['p']
567,['p']
568,['p']
569,"['p', 'p', 'p']"
570,['p']
571,"['p', 'p']"
572,"['p', 'p', 'em']"
573,['p']
574,['p']
575,"['p', 'p', 'i', 'p', 'i']"
576,['p']
577,"['p', 'p']"
578,"['p', 'p', 'p']"
579,['p']
580,['p']
581,['p']
582,['p']
583,['p']
584,"['p', 'i']"
585,['p']
586,"['p', 'p', 'p', 'em', 'em']"
587,['p']
588,"['p', 'p']"
589,"['p', 'p', 'p', 'em', 'p', 'p']"
590,"['p', 'p', 'em', 'a', 'em', 'a', 'em', 'a', 'em', 'a']"
591,['p']
592,"['p', 'em']"
593,['p']
594,['p']
595,"['p', 'i', 'p']"
596,"['p', 'p', 'p']"
597,['p']
598,['p']
599,"['p', 'p']"
600,['p']
601,['p']
602,"['p', 'p', 'p', 'p']"
603,"['p', 'p']"
604,['p']
605,['p']
606,['p']
607,['p']
608,"['p', 'p', 'p', 'p', 'p']"
609,"['p', 'em', 'em', 'p', 'a', 'em', 'p', 'a', 'em']"
610,"['p', 'p', 'p']"
611,"['p', 'p', 'p']"
612,['p']
613,['p']
614,['p']
615,['p']
616,"['p', 'p']"
617,['p']
618,['p']
619,['p']
620,"['p', 'p', 'p']"
621,"['p', 'p', 'em', 'p', 'em']"
622,"['p', 'p', 'p', 'em', 'em']"
623,['p']
624,['p']
625,"['p', 'em', 'em', 'p']"
626,"['p', 'p']"
627,"['p', 'p']"
628,"['p', 'p', 'p']"
629,['p']
630,"['p', 'p', 'p']"
631,['p']
632,['p']
633,"['p', 'p']"
634,['p']
635,"['p', 'p']"
636,"['p', 'p']"
637,['p']
638,['p']
639,"['p', 'p', 'p']"
640,"['p', 'p']"
641,"['p', 'p', 'p']"
642,['p']
643,['p']
644,['p']
645,['p']
646,"['p', 'p']"
647,"['p', 'p', 'em', 'em', 'em']"
648,['p']
649,['p']
650,['p']
651,['p']
652,['p']
653,['p']
654,"['p', 'p']"
655,['p']
656,['p']
657,['p']
658,"['p', 'p', 'p', 'p', 'p']"
659,['p']
660,['p']
661,['p']
662,['p']
663,"['p', 'p', 'em']"
664,"['p', 'p']"
665,['p']
666,"['p', 'p']"
667,['p']
668,['p']
669,['p']
670,"['p', 'p']"
671,['p']
672,"['p', 'p', 'p']"
673,['p']
674,['p']
675,['p']
676,['p']
677,"['p', 'p']"
678,['p']
679,['p']
680,"['p', 'p', 'p']"
681,"['p', 'p']"
682,"['p', 'em', 'em', 'p']"
683,['p']
684,"['p', 'em']"
685,"['p', 'p', 'p', 'p']"
686,['p']
687,['p']
688,['p']
689,"['p', 'p']"
690,"['p', 'p']"
691,"['p', 'p', 'p', 'p', 'p']"
692,['p']
693,['p']
694,['p']
695,['p']
696,"['p', 'p', 'i', 'i']"
697,"['p', 'p']"
698,"['p', 'p', 'a', 'em', 'p', 'em', 'em', 'a', 'em', 'em']"
699,['p']
700,"['p', 'p', 'p']"
701,"['p', 'p', 'a', 'em']"
702,"['p', 'p']"
703,"['p', 'p']"
704,"['p', 'p', 'p']"
705,"['p', 'p']"
706,['p']
707,['p']
708,['p']
709,['p']
710,['p']
711,"['p', 'p']"
712,['p']
713,"['p', 'p']"
714,"['p', 'p', 'p']"
715,"['p', 'p']"
716,['p']
717,"['p', 'p', 'p']"
718,"['p', 'p']"
719,['p']
720,['p']
721,['p']
722,['p']
723,['p']
724,"['p', 'p']"
725,"['p', 'p']"
726,"['p', 'p']"
727,"['p', 'em', 'p']"
728,"['p', 'p']"
729,['p']
730,['p']
731,['p']
732,"['p', 'p']"
733,['p']
734,"['p', 'p']"
735,"['p', 'p']"
736,"['p', 'p', 'p']"
737,['p']
738,"['p', 'p']"
739,"['p', 'p', 'p']"
740,['p']
741,['p']
742,"['p', 'p', 'p']"
743,"['p', 'p', 'em']"
744,"['p', 'p']"
745,"['p', 'p', 'p']"
746,"['p', 'p']"
747,"['p', 'p']"
748,"['p', 'p', 'p']"
749,['p']
750,"['p', 'em']"
751,"['p', 'p', 'p']"
752,"['p', 'p']"
753,"['p', 'p']"
754,['p']
755,"['p', 'p', 'em', 'em', 'p']"
756,['p']
757,['p']
758,"['p', 'p', 'p']"
759,['p']
760,['p']
761,['p']
762,"['p', 'p', 'em']"
763,['p']
764,['p']
765,['p']
766,['p']
767,"['p', 'em', 'em', 'p', 'em', 'em']"
768,['p']
769,['p']
770,['p']
771,['p']
772,['p']
773,['p']
774,"['p', 'p', 'em', 'em']"
775,"['p', 'p']"
776,"['p', 'p']"
777,['p']
778,"['p', 'p']"
779,['p']
780,['p']
781,"['p', 'a']"
782,['p']
783,['p']
784,['p']
785,['p']
786,['p']
787,"['p', 'p']"
788,['p']
789,['p']
790,['p']
791,['p']
792,['p']
793,"['p', 'p']"
794,"['p', 'p']"
795,['p']
796,['p']
797,['p']
798,['p']
799,['p']
800,['p']
801,['p']
802,"['p', 'p', 'p']"
803,['p']
804,['p']
805,['p']
806,"['p', 'p']"
807,['p']
808,['p']
809,['p']
810,"['p', 'p']"
811,['p']
812,['p']
813,"['p', 'p', 'em', 'em', 'em', 'em', 'em']"
814,['p']
815,['p']
816,"['p', 'p', 'p']"
817,['p']
818,['p']
819,"['p', 'p']"
820,"['p', 'p', 'p']"
821,"['p', 'p', 'p']"
822,['p']
823,['p']
824,['p']
825,['p']
826,['p']
827,"['p', 'p', 'p']"
828,['p']
829,['p']
830,"['p', 'p']"
831,"['p', 'p', 'p']"
832,['p']
833,['p']
834,['p']
835,"['p', 'em']"
836,['p']
837,['p']
838,"['p', 'p', 'p']"
839,['p']
840,['p']
841,['p']
842,"['p', 'p', 'p', 'p', 'p']"
843,['p']
844,"['p', 'em', 'em']"
845,['p']
846,"['p', 'p']"
847,"['p', 'p']"
848,"['p', 'em', 'p']"
849,['p']
850,"['p', 'p']"
851,['p']
852,['p']
853,['p']
854,['p']
855,"['p', 'p', 'p']"
856,"['p', 'p']"
857,['p']
858,"['p', 'p']"
859,['p']
860,"['p', 'p']"
861,['p']
862,['p']
863,['p']
864,"['p', 'p']"
865,"['p', 'p']"
866,['p']
867,"['p', 'p', 'em']"
868,['p']
869,['p']
870,"['p', 'p', 'p', 'p']"
871,['p']
872,"['p', 'em', 'em', 'em', 'em']"
873,['p']
874,"['p', 'p', 'p']"
875,['p']
876,['p']
877,['p']
878,['p']
879,"['p', 'p']"
880,"['p', 'p']"
881,"['p', 'p', 'p', 'p']"
882,['p']
883,"['p', 'p', 'p', 'p', 'p', 'em', 'p', 'p']"
884,"['p', 'p', 'em']"
885,"['p', 'p']"
886,"['p', 'a', 'em', 'a', 'em', 'em', 'em', 'em', 'em']"
887,"['p', 'p', 'p']"
888,['p']
889,['p']
890,['p']
891,"['p', 'p', 'p']"
892,['p']
893,['p']
894,"['p', 'p', 'p']"
895,"['p', 'p', 'a', 'em', 'em', 'p', 'p', 'em']"
896,"['p', 'p', 'em', 'a', 'em', 'a', 'em', 'a', 'em', 'a']"
897,"['p', 'p', 'p']"
898,"['p', 'p', 'p', 'p']"
899,['p']
900,"['p', 'p', 'p']"
901,['p']
902,"['p', 'em']"
903,"['p', 'p', 'p', 'em']"
904,"['p', 'p']"
905,['p']
906,"['p', 'p']"
907,['p']
908,['p']
909,"['p', 'p', 'em', 'p', 'em', 'p', 'em', 'p']"
910,"['p', 'p', 'p']"
911,['p']
912,"['p', 'em', 'em']"
913,"['p', 'p']"
914,"['p', 'p']"
915,['p']
916,"['p', 'p']"
917,['p']
918,['p']
919,['p']
920,['p']
921,"['p', 'p']"
922,['p']
923,['p']
924,['p']
925,['p']
926,"['p', 'p']"
927,"['p', 'p']"
928,['p']
929,"['p', 'p']"
930,['p']
931,"['p', 'p']"
932,['p']
933,"['p', 'p', 'em', 'em', 'em', 'p', 'em']"
934,['p']
935,"['p', 'p']"
936,['p']
937,['p']
938,['p']
939,"['p', 'p', 'p', 'em']"
940,"['p', 'p']"
941,"['p', 'p', 'p', 'p', 'p']"
942,['p']
943,['p']
944,"['p', 'p']"
945,"['p', 'p', 'p']"
946,['p']
947,['p']
948,"['p', 'em']"
949,"['p', 'p', 'p']"
950,"['p', 'p', 'em']"
951,"['p', 'p', 'em', 'p']"
952,['p']
953,"['p', 'p', 'p']"
954,"['p', 'p']"
955,"['p', 'p']"
956,['p']
957,"['p', 'p']"
958,"['p', 'p', 'em', 'em']"
959,"['p', 'p', 'p', 'em', 'em', 'p']"
960,['p']
961,['p']
962,['p']
963,"['p', 'p']"
964,"['p', 'p', 'p']"
965,"['p', 'p']"
966,"['p', 'p', 'p', 'p']"
967,"['p', 'p']"
968,"['p', 'p']"
969,"['p', 'p', 'p']"
970,"['p', 'p', 'p']"
971,"['p', 'p']"
972,['p']
973,['p']
974,"['p', 'p', 'p', 'p', 'a', 'em']"
975,"['p', 'p']"
976,['p']
977,"['p', 'p', 'em']"
978,['p']
979,"['p', 'p', 'p', 'p', 'p']"
980,['p']
981,['p']
982,['p']
983,['p']
984,['p']
985,['p']
986,"['p', 'p', 'em']"
987,"['p', 'p']"
988,['p']
989,['p']
990,['p']
991,['p']
992,['p']
993,"['p', 'p']"
994,['p']
995,"['p', 'p']"
996,['p']
997,"['p', 'p', 'p']"
998,"['p', 'i']"
999,['p']
1000,['p']
1001,['p']
1002,['p']
1003,['p']
1004,"['p', 'p', 'p']"
1005,"['p', 'p']"
1006,['p']
1007,['p']
1008,['p']
1009,['p']
1010,['p']
1011,"['p', 'a', 'em', 'p', 'a', 'em']"
1012,"['p', 'p', 'p', 'a', 'em']"
1013,"['p', 'p']"
1014,"['p', 'em', 'em']"
1015,"['p', 'em']"
1016,['p']
1017,['p']
1018,"['p', 'p', 'p', 'p']"
1019,['p']
1020,"['p', 'p', 'p']"
1021,"['p', 'p', 'p']"
1022,['p']
1023,"['p', 'p', 'p']"
1024,"['p', 'p', 'p']"
1025,['p']
1026,"['p', 'p']"
1027,['p']
1028,['p']
1029,"['p', 'p', 'p', 'p']"
1030,"['p', 'a', 'em']"
1031,"['p', 'p']"
1032,['p']
1033,"['p', 'p', 'em', 'p']"
1034,['p']
1035,['p']
1036,['p']
1037,"['p', 'p', 'p']"
1038,['p']
1039,['p']
1040,['p']
1041,['p']
1042,['p']
1043,"['p', 'em', 'p', 'em']"
1044,"['p', 'p']"
1045,['p']
1046,"['p', 'p', 'em', 'p', 'em', 'em']"
1047,['p']
1048,['p']
1049,['p']
1050,"['p', 'p', 'p']"
1051,"['p', 'p']"
1052,"['p', 'p']"
1053,['p']
1054,"['p', 'p', 'em']"
1055,['p']
1056,['p']
1057,"['p', 'p']"
1058,['p']
1059,"['p', 'p', 'p']"
1060,['p']
1061,['p']
1062,['p']
1063,['p']
1064,"['p', 'p']"
1065,['p']
1066,"['p', 'p']"
1067,['p']
1068,"['p', 'p', 'p']"
1069,"['p', 'p']"
1070,['p']
1071,['p']
1072,['p']
1073,['p']
1074,['p']
1075,"['p', 'p', 'a', 'em', 'em', 'p', 'a', 'em', 'p', 'p', 'p', 'em']"
1076,"['p', 'p', 'em']"
1077,['p']
1078,['p']
1079,['p']
1080,['p']
1081,"['p', 'p']"
1082,"['p', 'p', 'em', 'em']"
1083,['p']
1084,['p']
1085,['p']
1086,['p']
1087,['p']
1088,['p']
1089,"['p', 'p']"
1090,"['p', 'p', 'p']"
1091,['p']
1092,"['p', 'p', 'em', 'em', 'em']"
1093,['p']
1094,"['p', 'p', 'p']"
1095,['p']
1096,['p']
1097,"['p', 'p']"
1098,"['p', 'p']"
1099,['p']
1100,"['p', 'p', 'p', 'p', 'a', 'em']"
1101,['p']
1102,"['p', 'p']"
1103,['p']
1104,"['p', 'p', 'em']"
1105,['p']
1106,['p']
1107,"['p', 'p']"
1108,['p']
1109,['p']
1110,['p']
1111,['p']
1112,"['p', 'p']"
1113,"['p', 'p', 'p', 'p', 'p', 'p']"
1114,"['p', 'p', 'p']"
1115,['p']
1116,['p']
1117,"['p', 'p']"
1118,"['p', 'p', 'p', 'p', 'p']"
1119,['p']
1120,['p']
1121,['p']
1122,['p']
1123,"['p', 'p', 'p']"
1124,['p']
1125,['p']
1126,['p']
1127,"['p', 'em', 'em']"
1128,['p']
1129,['p']
1130,['p']
1131,"['p', 'p']"
1132,['p']
1133,"['p', 'p']"
1134,['p']
1135,['p']
1136,['p']
1137,"['p', 'p', 'a', 'em', 'p']"
1138,['p']
1139,"['p', 'p']"
1140,"['p', 'p']"
1141,['p']
1142,"['p', 'p']"
1143,['p']
1144,"['p', 'p', 'p']"
1145,['p']
1146,['p']
1147,"['p', 'p']"
1148,['p']
1149,['p']
1150,"['p', 'p']"
1151,"['p', 'p', 'p', 'a', 'em']"
1152,['p']
1153,['p']
1154,['p']
1155,"['p', 'p', 'em', 'em']"
1156,"['p', 'p']"
1157,['p']
1158,"['p', 'p']"
1159,"['p', 'p']"
1160,['p']
1161,"['p', 'p']"
1162,['p']
1163,['p']
1164,['p']
1165,"['p', 'p']"
1166,['p']
1167,['p']
1168,"['p', 'p']"
1169,"['p', 'p']"
1170,"['p', 'p', 'p', 'p']"
1171,['p']
1172,"['p', 'p']"
1173,['p']
1174,['p']
1175,['p']
1176,['p']
1177,"['p', 'p']"
1178,"['p', 'p']"
1179,"['p', 'p', 'p']"
1180,['p']
1181,"['p', 'em']"
1182,"['p', 'p']"
1183,['p']
1184,['p']
1185,['p']
1186,"['p', 'p']"
1187,"['p', 'p']"
1188,['p']
1189,"['p', 'p', 'em', 'em']"
1190,['p']
1191,"['p', 'p']"
1192,"['p', 'p']"
1193,['p']
1194,"['p', 'p']"
1195,['p']
1196,['p']
1197,['p']
1198,['p']
1199,['p']
1200,['p']
1201,"['p', 'p', 'p']"
1202,['p']
1203,"['p', 'p', 'p']"
1204,['p']
1205,['p']
1206,"['p', 'p']"
1207,['p']
1208,"['p', 'p', 'p']"
1209,['p']
1210,['p']
1211,['p']
1212,"['p', 'p']"
1213,['p']
1214,"['p', 'p']"
1215,['p']
1216,['p']
1217,"['p', 'p']"
1218,"['p', 'p', 'p']"
1219,['p']
1220,"['p', 'em']"
1221,['p']
1222,"['p', 'p']"
1223,"['p', 'p', 'p', 'p', 'p', 'p', 'em', 'p']"
1224,['p']
1225,"['p', 'em']"
1226,"['p', 'p']"
1227,"['p', 'p']"
1228,"['p', 'p']"
1229,"['p', 'p', 'p', 'p']"
1230,"['p', 'p']"
1231,['p']
1232,['p']
1233,['p']
1234,['p']
1235,"['p', 'em']"
1236,"['p', 'p', 'p', 'p', 'a', 'em', 'em', 'a', 'em', 'em']"
1237,['p']
1238,['p']
1239,['p']
1240,"['p', 'p']"
1241,['p']
1242,['p']
1243,"['p', 'p']"
1244,"['p', 'p']"
1245,"['p', 'p', 'p']"
1246,"['p', 'p', 'em']"
1247,['p']
1248,['p']
1249,"['p', 'em', 'em', 'p', 'em']"
1250,['p']
1251,"['p', 'p', 'p']"
1252,['p']
1253,"['p', 'p']"
1254,['p']
1255,['p']
1256,"['p', 'em', 'em', 'em', 'em', 'p']"
1257,"['p', 'p']"
1258,['p']
1259,"['p', 'p']"
1260,"['p', 'p']"
1261,['p']
1262,"['p', 'p', 'a', 'em', 'p', 'em', 'em']"
1263,"['p', 'p', 'p', 'p']"
1264,['p']
1265,"['p', 'p', 'p']"
1266,['p']
1267,"['p', 'p']"
1268,"['p', 'p', 'p']"
1269,['p']
1270,['p']
1271,['p']
1272,['p']
1273,"['p', 'p']"
1274,['p']
1275,['p']
1276,['p']
1277,"['p', 'p', 'p', 'p', 'em', 'em']"
1278,['p']
1279,['p']
1280,"['p', 'em', 'em', 'em', 'em']"
1281,['p']
1282,['p']
1283,['p']
1284,['p']
1285,['p']
1286,"['p', 'em']"
1287,['p']
1288,"['p', 'p']"
1289,['p']
1290,['p']
1291,"['p', 'p', 'p']"
1292,['p']
1293,['p']
1294,['p']
1295,"['p', 'p', 'p']"
1296,['p']
1297,"['p', 'p']"
1298,"['p', 'p']"
1299,['p']
1300,['p']
1301,"['p', 'p']"
1302,"['p', 'p', 'p']"
1303,"['p', 'p']"
1304,"['p', 'p']"
1305,"['p', 'em', 'em']"
1306,"['p', 'p', 'p', 'p']"
1307,['p']
1308,['p']
1309,['p']
1310,['p']
1311,['p']
1312,"['p', 'em', 'p', 'em']"
1313,['p']
1314,['p']
1315,"['p', 'p']"
1316,['p']
1317,['p']
1318,"['p', 'p', 'p']"
1319,['p']
1320,"['p', 'p', 'p', 'p']"
1321,"['p', 'p', 'p']"
1322,['p']
1323,['p']
1324,"['p', 'p']"
1325,['p']
1326,['p']
1327,['p']
1328,['p']
1329,"['p', 'p']"
1330,"['p', 'p', 'p', 'p', 'em', 'em', 'p']"
1331,"['p', 'p', 'i']"
1332,"['p', 'p']"
1333,"['p', 'p', 'p']"
1334,"['p', 'p', 'p']"
1335,['p']
1336,"['p', 'p']"
1337,['p']
1338,['p']
1339,['p']
1340,"['p', 'p']"
1341,"['p', 'p', 'p']"
1342,['p']
1343,"['p', 'p', 'p']"
1344,['p']
1345,['p']
1346,['p']
1347,"['p', 'p', 'p']"
1348,['p']
1349,['p']
1350,"['p', 'p']"
1351,"['p', 'p', 'em']"
1352,['p']
1353,['p']
1354,"['p', 'p', 'p']"
1355,"['p', 'p', 'p']"
1356,"['p', 'p']"
1357,['p']
1358,"['p', 'p']"
1359,"['p', 'p']"
1360,"['p', 'p', 'p']"
1361,['p']
1362,['p']
1363,"['p', 'p', 'p']"
1364,"['p', 'p']"
1365,"['p', 'p']"
1366,"['p', 'p']"
1367,"['p', 'p', 'em', 'em']"
1368,"['p', 'em', 'em']"
1369,['p']
1370,"['p', 'p', 'i', 'i']"
1371,"['p', 'em', 'em', 'em']"
1372,"['p', 'p', 'em']"
1373,['p']
1374,['p']
1375,"['p', 'p', 'p']"
1376,"['p', 'p']"
1377,['p']
1378,"['p', 'em']"
1379,"['p', 'p']"
1380,['p']
1381,"['p', 'p', 'p', 'i']"
1382,"['p', 'em', 'a']"
1383,['p']
1384,['p']
1385,['p']
1386,['p']
1387,"['p', 'p', 'p']"
1388,"['p', 'p']"
1389,"['p', 'p']"
1390,"['p', 'p', 'p']"
1391,['p']
1392,['p']
1393,"['p', 'p']"
1394,"['p', 'p']"
1395,['p']
1396,"['p', 'p', 'em']"
1397,['p']
1398,"['p', 'p']"
1399,['p']
1400,['p']
1401,"['p', 'p', 'p']"
1402,"['p', 'p']"
1403,['p']
1404,"['p', 'p']"
1405,"['p', 'p', 'p']"
1406,['p']
1407,"['p', 'p']"
1408,"['p', 'p']"
1409,['p']
1410,"['p', 'p', 'p']"
1411,['p']
1412,"['p', 'p', 'p']"
1413,['p']
1414,['p']
1415,"['p', 'p', 'p']"
1416,"['p', 'p', 'p']"
1417,['p']
1418,['p']
1419,['p']
1420,['p']
1421,"['p', 'p']"
1422,['p']
1423,['p']
1424,['p']
1425,"['p', 'em', 'p']"
1426,"['p', 'p']"
1427,['p']
1428,['p']
1429,['p']
1430,"['p', 'p', 'p', 'p', 'p', 'p', 'p', 'p']"
1431,"['p', 'p', 'p', 'p', 'p']"
1432,['p']
1433,['p']
1434,"['p', 'p', 'p', 'p', 'p', 'p']"
1435,"['p', 'p', 'p']"
1436,"['p', 'p']"
1437,"['p', 'p']"
1438,['p']
1439,"['p', 'p']"
1440,['p']
1441,['p']
1442,"['p', 'p']"
1443,['p']
1444,"['p', 'p', 'p']"
1445,['p']
1446,['p']
1447,['p']
1448,['p']
1449,['p']
1450,['p']
1451,['p']
1452,['p']
1453,"['p', 'p']"
1454,"['p', 'p']"
1455,['p']
1456,"['p', 'p', 'p']"
1457,['p']
1458,"['p', 'em']"
1459,"['p', 'p', 'p', 'a', 'em', 'p', 'a', 'em', 'em']"
1460,"['p', 'p', 'em']"
1461,['p']
1462,['p']
1463,"['p', 'p', 'em']"
1464,['p']
1465,['p']
1466,['p']
1467,['p']
1468,['p']
1469,['p']
1470,"['p', 'p', 'p', 'p']"
1471,"['p', 'p']"
1472,['p']
1473,"['p', 'p']"
1474,['p']
1475,"['p', 'p', 'p']"
1476,"['p', 'em', 'em', 'p', 'em', 'em', 'em']"
1477,['p']
1478,['p']
1479,"['p', 'p']"
1480,['p']
1481,['p']
1482,"['p', 'p']"
1483,['p']
1484,['p']
1485,['p']
1486,['p']
1487,['p']
1488,['p']
1489,['p']
1490,"['p', 'p', 'p']"
1491,"['p', 'em', 'em']"
1492,['p']
1493,['p']
1494,['p']
1495,['p']
1496,"['p', 'p', 'p']"
1497,['p']
1498,"['p', 'p']"
1499,['p']
1500,['p']
1501,"['p', 'p']"
1502,['p']
1503,['p']
1504,['p']
1505,['p']
1506,['p']
1507,['p']
1508,['p']
1509,"['p', 'p', 'p']"
1510,"['p', 'p']"
1511,['p']
1512,"['p', 'p', 'p']"
1513,"['p', 'p', 'p']"
1514,['p']
1515,"['p', 'p']"
1516,"['p', 'i']"
1517,['p']
1518,"['p', 'p', 'p']"
1519,['p']
1520,['p']
1521,['p']
1522,['p']
1523,['p']
1524,"['p', 'p']"
1525,"['p', 'p']"
1526,"['p', 'p', 'p']"
1527,"['p', 'p', 'em', 'em', 'em']"
1528,"['p', 'p', 'p', 'p', 'p', 'p']"
1529,['p']
1530,['p']
1531,"['p', 'p', 'p']"
1532,['p']
1533,['p']
1534,['p']
1535,['p']
1536,"['p', 'p', 'p']"
1537,['p']
1538,"['p', 'p']"
1539,"['p', 'p', 'p', 'p', 'a']"
1540,['p']
1541,['p']
1542,"['p', 'p']"
1543,"['p', 'p']"
1544,"['p', 'p']"
1545,['p']
1546,"['p', 'p', 'p']"
1547,['p']
1548,['p']
1549,"['p', 'p', 'p', 'p']"
1550,"['p', 'p']"
1551,['p']
1552,"['p', 'p']"
1553,['p']
1554,['p']
1555,['p']
1556,['p']
1557,['p']
1558,['p']
1559,"['p', 'p', 'p']"
1560,['p']
1561,['p']
1562,['p']
1563,"['p', 'p']"
1564,['p']
1565,['p']
1566,['p']
1567,['p']
1568,"['p', 'p']"
1569,['p']
1570,['p']
1571,['p']
1572,['p']
1573,['p']
1574,['p']
1575,['p']
1576,['p']
1577,"['p', 'p']"
1578,"['p', 'p', 'p', 'strong', 'a']"
1579,"['p', 'p', 'p', 'p']"
1580,['p']
1581,['p']
1582,['p']
1583,"['p', 'p']"
1584,['p']
1585,['p']
1586,['p']
1587,"['p', 'p', 'em', 'em']"
1588,['p']
1589,"['p', 'p', 'em']"
1590,['p']
1591,"['p', 'p']"
1592,['p']
1593,"['p', 'p', 'p']"
1594,"['p', 'p', 'em']"
1595,['p']
1596,['p']
1597,['p']
1598,"['p', 'em', 'p', 'em']"
1599,"['p', 'p', 'p', 'em', 'em', 'em']"
1600,['p']
1601,['p']
1602,"['p', 'p']"
1603,['p']
1604,"['p', 'p', 'p']"
1605,"['p', 'p']"
1606,['p']
1607,['p']
1608,"['p', 'p']"
1609,['p']
1610,"['p', 'p']"
1611,['p']
1612,['p']
1613,"['p', 'em', 'em', 'p', 'p', 'p']"
1614,['p']
1615,"['p', 'p']"
1616,['p']
1617,['p']
1618,['p']
1619,['p']
1620,['p']
1621,"['p', 'p']"
1622,['p']
1623,['p']
1624,['p']
1625,"['p', 'p']"
1626,"['p', 'p', 'p', 'p']"
1627,['p']
1628,"['p', 'p']"
1629,"['p', 'p']"
1630,['p']
1631,"['p', 'i', 'i']"
1632,['p']
1633,['p']
1634,"['p', 'p']"
1635,"['p', 'p']"
1636,"['p', 'p']"
1637,"['p', 'p', 'p', 'em']"
1638,['p']
1639,"['p', 'p']"
1640,['p']
1641,['p']
1642,['p']
1643,['p']
1644,"['p', 'p', 'p']"
1645,['p']
1646,['p']
1647,"['p', 'p']"
1648,['p']
1649,['p']
1650,['p']
1651,['p']
1652,['p']
1653,"['p', 'p', 'p']"
1654,"['p', 'p', 'em', 'em', 'p', 'em', 'p']"
1655,['p']
1656,['p']
1657,['p']
1658,['p']
1659,['p']
1660,"['p', 'p', 'em']"
1661,['p']
1662,"['p', 'p']"
1663,"['p', 'em', 'p', 'p']"
1664,['p']
1665,"['p', 'em', 'em']"
1666,"['p', 'p']"
1667,"['p', 'p', 'p']"
1668,['p']
1669,"['p', 'p', 'p']"
1670,"['p', 'p']"
1671,['p']
1672,['p']
1673,['p']
1674,"['p', 'p', 'p']"
1675,"['p', 'p']"
1676,['p']
1677,['p']
1678,"['p', 'p', 'p']"
1679,"['p', 'em', 'p', 'p']"
1680,"['p', 'em']"
1681,['p']
1682,['p']
1683,['p']
1684,"['p', 'p']"
1685,['p']
1686,['p']
1687,['p']
1688,['p']
1689,"['p', 'p']"
1690,['p']
1691,['p']
1692,"['p', 'p']"
1693,"['p', 'p']"
1694,"['p', 'p', 'em']"
1695,['p']
1696,['p']
1697,['p']
1698,['p']
1699,['p']
1700,"['p', 'p']"
1701,['p']
1702,"['p', 'p']"
1703,"['p', 'p']"
1704,"['p', 'p', 'em', 'a', 'em', 'a', 'em', 'a', 'em', 'a']"
1705,['p']
1706,['p']
1707,['p']
1708,"['p', 'p', 'em']"
1709,['p']
1710,"['p', 'p']"
1711,['p']
1712,"['p', 'p']"
1713,"['p', 'em', 'p', 'em']"
1714,"['p', 'p', 'p']"
1715,['p']
1716,['p']
1717,['p']
1718,['p']
1719,"['p', 'a', 'em', 'p']"
1720,"['p', 'em', 'em']"
1721,['p']
1722,"['p', 'p', 'p']"
1723,"['p', 'p', 'p', 'p']"
1724,['p']
1725,['p']
1726,['p']
1727,['p']
1728,"['p', 'p']"
1729,"['p', 'em', 'em']"
1730,['p']
1731,['p']
1732,"['p', 'p']"
1733,"['p', 'p']"
1734,['p']
1735,['p']
1736,"['p', 'p']"
1737,['p']
1738,['p']
1739,"['p', 'p', 'em', 'p']"
1740,"['p', 'p']"
1741,"['p', 'p']"
1742,['p']
1743,['p']
1744,['p']
1745,['p']
1746,['p']
1747,['p']
1748,"['p', 'p']"
1749,['p']
1750,['p']
1751,"['p', 'p', 'p']"
1752,"['p', 'p']"
1753,"['p', 'p', 'p', 'p']"
1754,['p']
1755,"['p', 'p']"
1756,['p']
1757,['p']
1758,['p']
1759,['p']
1760,['p']
1761,"['p', 'p']"
1762,['p']
1763,"['p', 'p']"
1764,"['p', 'p', 'p', 'em']"
1765,"['p', 'p']"
1766,"['p', 'p']"
1767,"['p', 'p']"
1768,['p']
1769,"['p', 'a', 'em', 'p', 'p', 'em', 'p', 'p', 'em']"
1770,"['p', 'p']"
1771,['p']
1772,['p']
1773,['p']
1774,['p']
1775,"['p', 'em', 'em', 'em']"
1776,"['p', 'em']"
1777,['p']
1778,['p']
1779,"['p', 'p']"
1780,['p']
1781,['p']
1782,['p']
1783,['p']
1784,"['p', 'p']"
1785,['p']
1786,['p']
1787,"['p', 'p']"
1788,['p']
1789,"['p', 'p']"
1790,['p']
1791,"['p', 'p']"
1792,"['p', 'p']"
1793,"['p', 'p', 'a', 'em']"
1794,['p']
1795,"['p', 'p']"
1796,"['p', 'em', 'em']"
1797,"['p', 'p', 'p', 'p']"
1798,"['p', 'p']"
1799,['p']
1800,['p']
1801,['p']
1802,['p']
1803,"['p', 'p']"
1804,"['p', 'p', 'em', 'a', 'em', 'a', 'em', 'a', 'em', 'a']"
1805,"['p', 'p', 'p']"
1806,['p']
1807,['p']
1808,['p']
1809,['p']
1810,['p']
1811,['p']
1812,"['p', 'p', 'p']"
1813,"['p', 'p']"
1814,"['p', 'p']"
1815,['p']
1816,"['p', 'p']"
1817,['p']
1818,['p']
1819,['p']
1820,"['p', 'p', 'em']"
1821,['p']
1822,['p']
1823,['p']
1824,"['p', 'p', 'a', 'em']"
1825,"['p', 'p']"
1826,['p']
1827,['p']
1828,['p']
1829,['p']
1830,"['p', 'p', 'p']"
1831,"['p', 'p']"
1832,"['p', 'p']"
1833,['p']
1834,['p']
1835,['p']
1836,"['p', 'p']"
1837,"['p', 'p']"
1838,['p']
1839,['p']
1840,"['p', 'em']"
1841,"['p', 'p']"
1842,"['p', 'p', 'em', 'em']"
1843,['p']
1844,"['p', 'p', 'p']"
1845,"['p', 'p']"
1846,['p']
1847,"['p', 'p']"
1848,"['p', 'p', 'p']"
1849,['p']
1850,['p']
1851,['p']
1852,['p']
1853,['p']
1854,"['p', 'p', 'p']"
1855,['p']
1856,['p']
1857,['p']
1858,['p']
1859,['p']
1860,['p']
1861,['p']
1862,"['p', 'p', 'p', 'p', 'em', 'em']"
1863,"['p', 'p']"
1864,"['p', 'p']"
1865,['p']
1866,['p']
1867,['p']
1868,"['p', 'p', 'p']"
1869,"['p', 'p']"
1870,['p']
1871,"['p', 'p']"
1872,['p']
1873,['p']
1874,"['p', 'p', 'p']"
1875,"['p', 'p', 'p']"
1876,['p']
1877,"['p', 'p']"
1878,['p']
1879,['p']
1880,"['p', 'p']"
1881,['p']
1882,"['p', 'p']"
1883,['p']
1884,['p']
1885,['p']
1886,['p']
1887,"['p', 'p', 'p']"
1888,['p']
1889,['p']
1890,"['p', 'p']"
1891,"['p', 'p', 'p']"
1892,"['p', 'p']"
1893,"['p', 'p', 'p']"
1894,['p']
1895,"['p', 'p']"
1896,['p']
1897,['p']
1898,"['p', 'p', 'p']"
1899,['p']
1900,['p']
1901,['p']
1902,['p']
1903,['p']
1904,"['p', 'p']"
1905,['p']
1906,['p']
1907,['p']
1908,['p']
1909,"['p', 'p']"
1910,['p']
1911,['p']
1912,['p']
1913,['p']
1914,['p']
1915,"['p', 'p', 'p']"
1916,['p']
1917,['p']
1918,['p']
1919,"['p', 'p', 'p']"
1920,"['p', 'p']"
1921,"['p', 'p']"
1922,"['p', 'p']"
1923,"['p', 'em']"
1924,"['p', 'p']"
1925,['p']
1926,['p']
1927,['p']
1928,"['p', 'p']"
1929,"['p', 'p']"
1930,['p']
1931,['p']
1932,"['p', 'p']"
1933,['p']
1934,"['p', 'p']"
1935,"['p', 'p']"
1936,['p']
1937,"['p', 'p', 'p']"
1938,"['p', 'p']"
1939,['p']
1940,['p']
1941,['p']
1942,['p']
1943,['p']
1944,['p']
1945,['p']
1946,"['p', 'p']"
1947,"['p', 'p']"
1948,['p']
1949,"['p', 'p', 'p']"
1950,['p']
1951,"['p', 'p', 'em']"
1952,['p']
1953,['p']
1954,"['p', 'p']"
1955,['p']
1956,['p']
1957,['p']
1958,['p']
1959,['p']
1960,['p']
1961,"['p', 'p']"
1962,"['p', 'p', 'p']"
1963,['p']
1964,['p']
1965,['p']
1966,"['p', 'p']"
1967,"['p', 'p', 'p']"
1968,"['p', 'p']"
1969,"['p', 'p', 'a', 'em', 'p', 'em', 'a', 'em', 'em']"
1970,"['p', 'p']"
1971,"['p', 'p', 'p', 'i']"
1972,['p']
1973,['p']
1974,"['p', 'p']"
1975,['p']
1976,['p']
1977,['p']
1978,['p']
1979,['p']
1980,"['p', 'p']"
1981,['p']
1982,"['p', 'p']"
1983,['p']
1984,['p']
1985,['p']
1986,['p']
1987,['p']
1988,['p']
1989,['p']
1990,"['p', 'p']"
1991,"['p', 'p', 'p', 'p']"
1992,['p']
1993,['p']
1994,['p']
1995,['p']
1996,"['p', 'p']"
1997,"['p', 'p']"
1998,['p']
1999,"['p', 'em', 'em', 'p', 'em', 'em']"
2000,['p']
2001,"['p', 'em', 'a']"
2002,['p']
2003,['p']
2004,['p']
2005,"['p', 'em', 'em', 'p', 'em']"
2006,['p']
2007,"['p', 'p']"
2008,['p']
2009,['p']
2010,['p']
2011,"['p', 'p']"
2012,"['p', 'p', 'p', 'p']"
2013,"['p', 'p']"
2014,['p']
2015,['p']
2016,['p']
2017,['p']
2018,['p']
2019,['p']
2020,"['p', 'p', 'p']"
2021,['p']
2022,"['p', 'p']"
2023,['p']
2024,['p']
2025,"['p', 'p', 'p', 'p']"
2026,"['p', 'p']"
2027,"['p', 'em']"
2028,['p']
2029,"['p', 'p']"
2030,['p']
2031,['p']
2032,['p']
2033,['p']
2034,['p']
2035,['p']
2036,"['p', 'p', 'em']"
2037,"['p', 'em', 'p']"
2038,"['p', 'p']"
2039,['p']
2040,"['p', 'p']"
2041,"['p', 'p']"
2042,"['p', 'p', 'p']"
2043,['p']
2044,['p']
2045,['p']
2046,['p']
2047,"['p', 'p']"
2048,['p']
2049,['p']
2050,['p']
2051,"['p', 'p', 'em']"
2052,['p']
2053,['p']
2054,"['p', 'p']"
2055,['p']
2056,"['p', 'p']"
2057,['p']
2058,"['p', 'p']"
2059,['p']
2060,['p']
2061,['p']
2062,['p']
2063,['p']
2064,"['p', 'p']"
2065,['p']
2066,"['p', 'p']"
2067,['p']
2068,['p']
2069,"['p', 'p', 'em', 'em']"
2070,"['p', 'p']"
2071,"['p', 'p', 'p', 'i', 'i']"
2072,['p']
2073,"['p', 'p', 'p']"
2074,['p']
2075,['p']
2076,['p']
2077,['p']
2078,"['p', 'p']"
2079,['p']
2080,['p']
2081,['p']
2082,"['p', 'p']"
2083,"['p', 'p']"
2084,"['p', 'p', 'p', 'p']"
2085,['p']
2086,"['p', 'p', 'p']"
2087,['p']
2088,['p']
2089,['p']
2090,"['p', 'p', 'p', 'p']"
2091,['p']
2092,['p']
2093,['p']
2094,['p']
2095,"['p', 'p']"
2096,['p']
2097,"['p', 'p']"
2098,"['p', 'p', 'p', 'p', 'p', 'p', 'p', 'p', 'p', 'p', 'p']"
2099,['p']
2100,"['p', 'p']"
2101,"['p', 'p', 'p']"
2102,['p']
2103,"['p', 'p']"
2104,"['p', 'p']"
2105,"['p', 'p']"
2106,"['p', 'p']"
2107,['p']
2108,"['p', 'p']"
2109,['p']
2110,['p']
2111,"['p', 'p']"
2112,"['p', 'em']"
2113,"['p', 'p']"
2114,"['p', 'em', 'p', 'em']"
2115,"['p', 'em', 'p']"
2116,"['p', 'p']"
2117,"['p', 'p']"
2118,"['p', 'p', 'em', 'p', 'em']"
2119,['p']
2120,"['p', 'p', 'p']"
2121,['p']
2122,"['p', 'p', 'p']"
2123,"['p', 'p']"
2124,['p']
2125,['p']
2126,"['p', 'p', 'em']"
2127,['p']
2128,['p']
2129,['p']
2130,['p']
2131,"['p', 'p', 'p']"
2132,"['p', 'p']"
2133,['p']
2134,['p']
2135,"['p', 'p', 'p']"
2136,"['p', 'em', 'em', 'em', 'p', 'em', 'em']"
2137,"['p', 'p', 'p', 'em', 'em', 'em', 'em']"
2138,"['p', 'p', 'a', 'em']"
2139,['p']
2140,"['p', 'p', 'p', 'em', 'em', 'a', 'em', 'p', 'em', 'em', 'em', 'em']"
2141,['p']
2142,['p']
2143,"['p', 'p']"
2144,['p']
2145,['p']
2146,['p']
2147,"['p', 'p']"
2148,['p']
2149,['p']
2150,['p']
2151,['p']
2152,['p']
2153,['p']
2154,"['p', 'p', 'p']"
2155,"['p', 'p']"
2156,"['p', 'p', 'p', 'p']"
2157,"['p', 'p']"
2158,['p']
2159,['p']
2160,"['p', 'p', 'p', 'p']"
2161,['p']
2162,['p']
2163,"['p', 'em', 'p', 'em']"
2164,['p']
2165,"['p', 'p']"
2166,"['p', 'p']"
2167,"['p', 'em', 'em', 'em', 'em', 'em']"
2168,"['p', 'p']"
2169,['p']
2170,"['p', 'i', 'i', 'p']"
2171,['p']
2172,['p']
2173,"['p', 'p']"
2174,['p']
2175,"['p', 'p', 'p']"
2176,['p']
2177,"['p', 'p']"
2178,"['p', 'p']"
2179,['p']
2180,['p']
2181,"['p', 'em', 'em']"
2182,"['p', 'p']"
2183,"['p', 'p', 'p', 'p']"
2184,"['p', 'p']"
2185,"['p', 'p']"
2186,"['p', 'em']"
2187,['p']
2188,"['p', 'p', 'p', 'p']"
2189,['p']
2190,['p']
2191,['p']
2192,['p']
2193,"['p', 'p', 'p', 'p', 'p']"
2194,"['p', 'p', 'p']"
2195,"['p', 'p', 'p']"
2196,"['p', 'p']"
2197,['p']
2198,['p']
2199,['p']
2200,['p']
2201,['p']
2202,['p']
2203,"['p', 'p']"
2204,['p']
2205,"['p', 'p', 'p']"
2206,"['p', 'p']"
2207,['p']
2208,['p']
2209,"['p', 'p']"
2210,['p']
2211,['p']
2212,"['p', 'p']"
2213,"['p', 'p']"
2214,"['p', 'p', 'p', 'p']"
2215,['p']
2216,"['p', 'p', 'p', 'p']"
2217,"['p', 'p']"
2218,"['p', 'p']"
2219,['p']
2220,['p']
2221,"['p', 'p']"
2222,['p']
2223,['p']
2224,['p']
2225,['p']
2226,['p']
2227,"['p', 'p']"
2228,"['p', 'em']"
2229,['p']
2230,"['p', 'p']"
2231,['p']
2232,['p']
2233,"['p', 'p', 'p', 'p', 'em']"
2234,"['p', 'p', 'p']"
2235,['p']
2236,['p']
2237,"['p', 'p']"
2238,['p']
2239,['p']
2240,['p']
2241,['p']
2242,['p']
2243,"['p', 'p', 'p']"
2244,['p']
2245,"['p', 'p']"
2246,['p']
2247,"['p', 'p']"
2248,"['p', 'p']"
2249,['p']
2250,['p']
2251,"['p', 'p']"
2252,['p']
2253,['p']
2254,"['p', 'p', 'em']"
2255,"['p', 'p', 'p']"
2256,['p']
2257,['p']
2258,['p']
2259,['p']
2260,['p']
2261,['p']
2262,"['p', 'em', 'p', 'p']"
2263,"['p', 'p', 'p']"
2264,"['p', 'p', 'p', 'em', 'em']"
2265,"['p', 'p']"
2266,"['p', 'p']"
2267,"['p', 'p', 'p']"
2268,['p']
2269,"['p', 'em']"
2270,['p']
2271,['p']
2272,['p']
2273,['p']
2274,['p']
2275,['p']
2276,['p']
2277,"['p', 'em']"
2278,['p']
2279,"['p', 'p']"
2280,"['p', 'p', 'em']"
2281,"['p', 'p']"
2282,['p']
2283,['p']
2284,"['p', 'p']"
2285,['p']
2286,"['p', 'p', 'p']"
2287,"['p', 'p']"
2288,['p']
2289,['p']
2290,"['p', 'p']"
2291,['p']
2292,['p']
2293,"['p', 'p']"
2294,"['p', 'p', 'a', 'em', 'em', 'p', 'em', 'em']"
2295,['p']
2296,"['p', 'p', 'p', 'i']"
2297,['p']
2298,['p']
2299,"['p', 'p', 'i']"
2300,['p']
2301,['p']
2302,['p']
2303,"['p', 'p']"
2304,['p']
2305,"['p', 'p']"
2306,['p']
2307,"['p', 'p', 'p']"
2308,['p']
2309,"['p', 'p', 'p']"
2310,"['p', 'p', 'p']"
2311,"['p', 'p']"
2312,"['p', 'p']"
2313,['p']
2314,['p']
2315,['p']
2316,"['p', 'p']"
2317,['p']
2318,['p']
2319,['p']
2320,"['p', 'p']"
2321,['p']
2322,['p']
2323,"['p', 'p']"
2324,"['p', 'p']"
2325,"['p', 'p', 'p', 'p']"
2326,['p']
2327,['p']
2328,['p']
2329,"['p', 'p']"
2330,['p']
2331,['p']
2332,['p']
2333,"['p', 'p']"
2334,['p']
2335,['p']
2336,['p']
2337,['p']
2338,['p']
2339,"['p', 'p', 'p', 'p', 'em']"
2340,['p']
2341,['p']
2342,['p']
2343,"['p', 'p']"
2344,['p']
2345,"['p', 'p']"
2346,"['p', 'p', 'p', 'em', 'em', 'em']"
2347,['p']
2348,['p']
2349,"['p', 'p', 'p']"
2350,['p']
2351,['p']
2352,['p']
2353,['p']
2354,['p']
2355,"['p', 'p', 'p']"
2356,['p']
2357,['p']
2358,"['p', 'p']"
2359,['p']
2360,"['p', 'p', 'p']"
2361,['p']
2362,['p']
2363,['p']
2364,['p']
2365,['p']
2366,['p']
2367,['p']
2368,['p']
2369,['p']
2370,['p']
2371,"['p', 'p', 'p']"
2372,['p']
2373,['p']
2374,['p']
2375,"['p', 'p']"
2376,['p']
2377,['p']
2378,"['p', 'em', 'em', 'p', 'p']"
2379,['p']
2380,"['p', 'p', 'p']"
2381,"['p', 'p', 'p']"
2382,['p']
2383,['p']
2384,"['p', 'p']"
2385,['p']
2386,['p']
2387,"['p', 'em', 'p', 'em', 'p']"
2388,['p']
2389,['p']
2390,"['p', 'p']"
2391,"['p', 'p']"
2392,['p']
2393,['p']
2394,['p']
2395,['p']
2396,['p']
2397,['p']
2398,['p']
2399,"['p', 'p', 'p', 'p', 'p']"
2400,['p']
2401,['p']
2402,['p']
2403,['p']
2404,['p']
2405,"['p', 'p', 'p', 'em', 'em']"
2406,['p']
2407,"['p', 'p']"
2408,['p']
2409,"['p', 'p', 'p']"
2410,['p']
2411,['p']
2412,"['p', 'p']"
2413,['p']
2414,['p']
2415,['p']
2416,"['p', 'p', 'i', 'i']"
2417,"['p', 'p']"
2418,"['p', 'p']"
2419,"['p', 'a', 'em', 'p', 'p', 'p']"
2420,['p']
2421,['p']
2422,"['p', 'p']"
2423,['p']
2424,['p']
2425,['p']
2426,['p']
2427,['p']
2428,['p']
2429,['p']
2430,"['p', 'p']"
2431,['p']
2432,['p']
2433,"['p', 'p', 'p']"
2434,['p']
2435,"['p', 'p']"
2436,['p']
2437,['p']
2438,['p']
2439,['p']
2440,['p']
2441,"['p', 'em', 'p']"
2442,"['p', 'p', 'p']"
2443,['p']
2444,"['p', 'p']"
2445,['p']
2446,['p']
2447,"['p', 'p']"
2448,['p']
2449,"['p', 'p']"
2450,['p']
2451,"['p', 'p', 'p']"
2452,['p']
2453,['p']
2454,"['p', 'p']"
2455,['p']
2456,"['p', 'p', 'p', 'p']"
2457,"['p', 'p']"
2458,['p']
2459,['p']
2460,['p']
2461,"['p', 'p']"
2462,"['p', 'p', 'p', 'p']"
2463,['p']
2464,['p']
2465,"['p', 'p']"
2466,['p']
2467,['p']
2468,"['p', 'p']"
2469,['p']
2470,"['p', 'p']"
2471,['p']
2472,['p']
2473,"['p', 'p', 'p']"
2474,['p']
2475,"['p', 'p', 'p', 'p', 'p', 'p', 'p', 'p', 'p']"
2476,"['p', 'p', 'em']"
2477,['p']
2478,"['p', 'p']"
2479,['p']
2480,['p']
2481,['p']
2482,['p']
2483,['p']
2484,"['p', 'p']"
2485,['p']
2486,"['p', 'p', 'p']"
2487,['p']
2488,['p']
2489,['p']
2490,['p']
2491,['p']
2492,"['p', 'p', 'p']"
2493,"['p', 'p', 'em']"
2494,['p']
2495,"['p', 'p']"
2496,['p']
2497,['p']
2498,"['p', 'p']"
2499,"['p', 'p']"
2500,"['p', 'p', 'p', 'em']"
2501,['p']
2502,"['p', 'p']"
2503,['p']
2504,"['p', 'p', 'em']"
2505,"['p', 'em']"
2506,['p']
2507,['p']
2508,['p']
2509,"['p', 'p', 'p']"
2510,['p']
2511,"['p', 'p']"
2512,"['p', 'p']"
2513,['p']
2514,['p']
2515,"['p', 'p', 'p']"
2516,['p']
2517,['p']
2518,"['p', 'p']"
2519,['p']
2520,"['p', 'p', 'p', 'p']"
2521,['p']
2522,"['p', 'em']"
2523,['p']
2524,"['p', 'p']"
2525,['p']
2526,"['p', 'p']"
2527,['p']
2528,['p']
2529,['p']
2530,"['p', 'p']"
2531,"['p', 'p', 'em']"
2532,['p']
2533,['p']
2534,['p']
2535,"['p', 'em', 'em']"
2536,['p']
2537,['p']
2538,"['p', 'p', 'p', 'p']"
2539,['p']
2540,"['p', 'p']"
2541,['p']
2542,['p']
2543,['p']
2544,"['p', 'p']"
2545,"['p', 'em', 'em', 'p']"
2546,"['p', 'p', 'p', 'em']"
2547,"['p', 'p']"
2548,['p']
2549,"['p', 'p', 'p']"
2550,"['p', 'p', 'em']"
2551,['p']
2552,['p']
2553,['p']
2554,['p']
2555,"['p', 'p', 'p', 'p']"
2556,"['p', 'p']"
2557,['p']
2558,"['p', 'p', 'em', 'p', 'em']"
2559,"['p', 'p', 'em', 'em', 'em']"
2560,"['p', 'em']"
2561,['p']
2562,"['p', 'a', 'em']"
2563,['p']
2564,['p']
2565,['p']
2566,['p']
2567,"['p', 'p', 'p']"
2568,"['p', 'p', 'p']"
2569,"['p', 'em', 'em', 'p', 'em']"
2570,"['p', 'p', 'p']"
2571,"['p', 'p']"
2572,['p']
2573,"['p', 'p', 'p']"
2574,"['p', 'p']"
2575,['p']
2576,"['p', 'p']"
2577,"['p', 'em', 'p', 'em']"
2578,"['p', 'p', 'em']"
2579,['p']
2580,"['p', 'p']"
2581,['p']
2582,"['p', 'p']"
2583,['p']
2584,"['p', 'p', 'em', 'p', 'em', 'em', 'em']"
2585,['p']
2586,['p']
2587,"['p', 'p', 'p']"
2588,['p']
2589,['p']
2590,"['p', 'p']"
2591,"['p', 'em', 'em']"
2592,['p']
2593,['p']
2594,"['p', 'em']"
2595,['p']
2596,['p']
2597,['p']
2598,['p']
2599,"['p', 'p']"
2600,"['p', 'p']"
2601,['p']
2602,"['p', 'p']"
2603,['p']
2604,['p']
2605,['p']
2606,"['p', 'p']"
2607,"['p', 'p', 'p']"
2608,"['p', 'p']"
2609,['p']
2610,['p']
2611,['p']
2612,['p']
2613,['p']
2614,['p']
2615,"['p', 'p']"
2616,['p']
2617,"['p', 'p']"
2618,"['p', 'p']"
2619,"['p', 'p']"
2620,"['p', 'p', 'p']"
2621,['p']
2622,['p']
2623,['p']
2624,['p']
2625,['p']
2626,['p']
2627,"['p', 'p']"
2628,"['p', 'p', 'em', 'em']"
2629,"['p', 'p', 'p', 'i']"
2630,"['p', 'p', 'em']"
2631,['p']
2632,['p']
2633,['p']
2634,"['p', 'p']"
2635,['p']
2636,"['p', 'p']"
2637,"['p', 'p']"
2638,['p']
2639,"['p', 'em']"
2640,['p']
2641,"['p', 'p']"
2642,['p']
2643,['p']
2644,"['p', 'p']"
2645,"['p', 'p', 'em']"
2646,"['p', 'p']"
2647,"['p', 'p', 'em', 'a', 'em', 'a', 'em', 'a', 'em', 'a']"
2648,['p']
2649,['p']
2650,['p']
2651,"['p', 'p', 'p']"
2652,['p']
2653,"['p', 'p', 'em', 'em', 'em']"
2654,"['p', 'p']"
2655,['p']
2656,['p']
2657,['p']
2658,['p']
2659,['p']
2660,['p']
2661,['p']
2662,"['p', 'p']"
2663,"['p', 'em', 'em']"
2664,"['p', 'p']"
2665,"['p', 'p']"
2666,"['p', 'p', 'p', 'p', 'p']"
2667,['p']
2668,['p']
2669,['p']
2670,['p']
2671,"['p', 'em', 'p']"
2672,['p']
2673,"['p', 'p']"
2674,"['p', 'em', 'em']"
2675,"['p', 'p']"
2676,['p']
2677,"['p', 'p', 'p']"
2678,['p']
2679,['p']
2680,"['p', 'p']"
2681,"['p', 'p']"
2682,['p']
2683,['p']
2684,['p']
2685,"['p', 'p']"
2686,['p']
2687,['p']
2688,"['p', 'p']"
2689,['p']
2690,"['p', 'p']"
2691,"['p', 'p', 'p']"
2692,"['p', 'em']"
2693,['p']
2694,"['p', 'p']"
2695,"['p', 'p']"
2696,['p']
